OPUS ID,Product Category,Product Type,Product Type Abbrev,Version,File Path,Checksum,Size
go-ssi-c0416073100,Galileo SSI,Raw Image,gossi_raw,Current,/volumes/GO_0xxx/GO_0019/C10/EUROPA/C0416073100R.IMG,a665bae742855f4ac2d2b385c891223b,832000
go-ssi-c0416073100,Galileo SSI,Raw Image,gossi_raw,Current,/volumes/GO_0xxx/GO_0019/C10/EUROPA/C0416073100R.LBL,070156a1a7b27f825d8c382fdb8eb03b,5025
go-ssi-c0416073100,Galileo SSI,Raw Image,gossi_raw,Current,/volumes/GO_0xxx/GO_0019/LABEL/RLINEPRX.FMT,527b3ed5f5cc7cf7c04d75206f41e7df,16699
go-ssi-c0416073100,Galileo SSI,Raw Image,gossi_raw,Current,/volumes/GO_0xxx/GO_0019/LABEL/RTLMTAB.FMT,2293f8b867998a436d55b7d6b5e71378,28819
go-ssi-c0416073100,browse,Browse Image (full),browse_full,Current,/previews/GO_0xxx/GO_0019/C10/EUROPA/C0416073100R_full.jpg,087def7d521191962a4fa16e99c5c660,9567
go-ssi-c0416073113,Galileo SSI,Raw Image,gossi_raw,Current,/volumes/GO_0xxx/GO_0019/C10/EUROPA/C0416073113R.IMG,0f984b67e15948a80d122209a8a0ed51,831488
go-ssi-c0416073113,Galileo SSI,Raw Image,gossi_raw,Current,/volumes/GO_0xxx/GO_0019/C10/EUROPA/C0416073113R.LBL,0b79d714068ee4f5eafa6619039ed5b6,5024
go-ssi-c0416073113,Galileo SSI,Raw Image,gossi_raw,Current,/volumes/GO_0xxx/GO_0019/LABEL/RLINEPRX.FMT,527b3ed5f5cc7cf7c04d75206f41e7df,16699
go-ssi-c0416073113,Galileo SSI,Raw Image,gossi_raw,Current,/volumes/GO_0xxx/GO_0019/LABEL/RTLMTAB.FMT,2293f8b867998a436d55b7d6b5e71378,28819
go-ssi-c0416073113,browse,Browse Image (full),browse_full,Current,/previews/GO_0xxx/GO_0019/C10/EUROPA/C0416073113R_full.jpg,7a8e4f9fc0a149e2e461c9f5cdb59e55,9474
go-ssi-c0416073120,Galileo SSI,Raw Image,gossi_raw,Current,/volumes/GO_0xxx/GO_0019/C10/EUROPA/C0416073120R.IMG,515d7da58785ca8d9be721901d86bde0,832000
go-ssi-c0416073120,Galileo SSI,Raw Image,gossi_raw,Current,/volumes/GO_0xxx/GO_0019/C10/EUROPA/C0416073120R.LBL,57d2e07dd862652bf04cb3c0c4345b42,5025
go-ssi-c0416073120,Galileo SSI,Raw Image,gossi_raw,Current,/volumes/GO_0xxx/GO_0019/LABEL/RLINEPRX.FMT,527b3ed5f5cc7cf7c04d75206f41e7df,16699
go-ssi-c0416073120,Galileo SSI,Raw Image,gossi_raw,Current,/volumes/GO_0xxx/GO_0019/LABEL/RTLMTAB.FMT,2293f8b867998a436d55b7d6b5e71378,28819
go-ssi-c0416073120,browse,Browse Image (full),browse_full,Current,/previews/GO_0xxx/GO_0019/C10/EUROPA/C0416073120R_full.jpg,131d587df661521cea7cbeaf6f13aec8,10048
go-ssi-c0416073139,Galileo SSI,Raw Image,gossi_raw,Current,/volumes/GO_0xxx/GO_0019/C10/EUROPA/C0416073139R.IMG,2b5987f83f474c96ce57264ca36382b2,833024
go-ssi-c0416073139,Galileo SSI,Raw Image,gossi_raw,Current,/volumes/GO_0xxx/GO_0019/C10/EUROPA/C0416073139R.LBL,cd3181c19cafa82fc045f8103d5bb1a9,5025
go-ssi-c0416073139,Galileo SSI,Raw Image,gossi_raw,Current,/volumes/GO_0xxx/GO_0019/LABEL/RLINEPRX.FMT,527b3ed5f5cc7cf7c04d75206f41e7df,16699
go-ssi-c0416073139,Galileo SSI,Raw Image,gossi_raw,Current,/volumes/GO_0xxx/GO_0019/LABEL/RTLMTAB.FMT,2293f8b867998a436d55b7d6b5e71378,28819
go-ssi-c0416073139,browse,Browse Image (full),browse_full,Current,/previews/GO_0xxx/GO_0019/C10/EUROPA/C0416073139R_full.jpg,6d5cd8206e8b867c5722c0f3b8ab483e,9442
go-ssi-c0416073152,Galileo SSI,Raw Image,gossi_raw,Current,/volumes/GO_0xxx/GO_0019/C10/EUROPA/C0416073152R.IMG,3cda943e748b313d6cccdbde0cd87fcb,833024
go-ssi-c0416073152,Galileo SSI,Raw Image,gossi_raw,Current,/volumes/GO_0xxx/GO_0019/C10/EUROPA/C0416073152R.LBL,3e26c8185fd2e20b78bc5c3d9dd6366f,5024
go-ssi-c0416073152,Galileo SSI,Raw Image,gossi_raw,Current,/volumes/GO_0xxx/GO_0019/LABEL/RLINEPRX.FMT,527b3ed5f5cc7cf7c04d75206f41e7df,16699
go-ssi-c0416073152,Galileo SSI,Raw Image,gossi_raw,Current,/volumes/GO_0xxx/GO_0019/LABEL/RTLMTAB.FMT,2293f8b867998a436d55b7d6b5e71378,28819
go-ssi-c0416073152,browse,Browse Image (full),browse_full,Current,/previews/GO_0xxx/GO_0019/C10/EUROPA/C0416073152R_full.jpg,26e64edbd4a5b187d2c98b0b7c7838e1,9449
go-ssi-c0416073159,Galileo SSI,Raw Image,gossi_raw,Current,/volumes/GO_0xxx/GO_0019/C10/EUROPA/C0416073159R.IMG,4bcf7221a29b2cae17a9248d471b7b30,833024
go-ssi-c0416073159,Galileo SSI,Raw Image,gossi_raw,Current,/volumes/GO_0xxx/GO_0019/C10/EUROPA/C0416073159R.LBL,9effd3fed9e6d0a1b2d6c638ff7fbb54,5025
go-ssi-c0416073159,Galileo SSI,Raw Image,gossi_raw,Current,/volumes/GO_0xxx/GO_0019/LABEL/RLINEPRX.FMT,527b3ed5f5cc7cf7c04d75206f41e7df,16699
go-ssi-c0416073159,Galileo SSI,Raw Image,gossi_raw,Current,/volumes/GO_0xxx/GO_0019/LABEL/RTLMTAB.FMT,2293f8b867998a436d55b7d6b5e71378,28819
go-ssi-c0416073159,browse,Browse Image (full),browse_full,Current,/previews/GO_0xxx/GO_0019/C10/EUROPA/C0416073159R_full.jpg,19c63cc5c329348902764fd832b0ce0e,10227
go-ssi-c0416076400,Galileo SSI,Raw Image,gossi_raw,Current,/volumes/GO_0xxx/GO_0019/C10/EUROPA/C0416076400R.IMG,e1638155ad884dfcdab60cafd97a1073,833024
go-ssi-c0416076400,Galileo SSI,Raw Image,gossi_raw,Current,/volumes/GO_0xxx/GO_0019/C10/EUROPA/C0416076400R.LBL,ae03a1a449a8bf3a08a55fe31e50a3da,5022
go-ssi-c0416076400,Galileo SSI,Raw Image,gossi_raw,Current,/volumes/GO_0xxx/GO_0019/LABEL/RLINEPRX.FMT,527b3ed5f5cc7cf7c04d75206f41e7df,16699
go-ssi-c0416076400,Galileo SSI,Raw Image,gossi_raw,Current,/volumes/GO_0xxx/GO_0019/LABEL/RTLMTAB.FMT,2293f8b867998a436d55b7d6b5e71378,28819
go-ssi-c0416076400,browse,Browse Image (full),browse_full,Current,/previews/GO_0xxx/GO_0019/C10/EUROPA/C0416076400R_full.jpg,9f60d795663dc5d5ffe0d616f6afb623,9087
go-ssi-c0416076413,Galileo SSI,Raw Image,gossi_raw,Current,/volumes/GO_0xxx/GO_0019/C10/EUROPA/C0416076413R.IMG,94fcc548482ab2b8beb0b686bd16b38c,833024
go-ssi-c0416076413,Galileo SSI,Raw Image,gossi_raw,Current,/volumes/GO_0xxx/GO_0019/C10/EUROPA/C0416076413R.LBL,6a9c94d83863228e2512b3fb95fa4a9a,5021
go-ssi-c0416076413,Galileo SSI,Raw Image,gossi_raw,Current,/volumes/GO_0xxx/GO_0019/LABEL/RLINEPRX.FMT,527b3ed5f5cc7cf7c04d75206f41e7df,16699
go-ssi-c0416076413,Galileo SSI,Raw Image,gossi_raw,Current,/volumes/GO_0xxx/GO_0019/LABEL/RTLMTAB.FMT,2293f8b867998a436d55b7d6b5e71378,28819
go-ssi-c0416076413,browse,Browse Image (full),browse_full,Current,/previews/GO_0xxx/GO_0019/C10/EUROPA/C0416076413R_full.jpg,6996a7ae5ad19818223f34a131917e85,9269
go-ssi-c0416076420,Galileo SSI,Raw Image,gossi_raw,Current,/volumes/GO_0xxx/GO_0019/C10/EUROPA/C0416076420R.IMG,86cec2583389ee374995b09cb3d15216,832000
go-ssi-c0416076420,Galileo SSI,Raw Image,gossi_raw,Current,/volumes/GO_0xxx/GO_0019/C10/EUROPA/C0416076420R.LBL,96f6248746aa3a84b5971987fe1f6320,5022
go-ssi-c0416076420,Galileo SSI,Raw Image,gossi_raw,Current,/volumes/GO_0xxx/GO_0019/LABEL/RLINEPRX.FMT,527b3ed5f5cc7cf7c04d75206f41e7df,16699
go-ssi-c0416076420,Galileo SSI,Raw Image,gossi_raw,Current,/volumes/GO_0xxx/GO_0019/LABEL/RTLMTAB.FMT,2293f8b867998a436d55b7d6b5e71378,28819
go-ssi-c0416076420,browse,Browse Image (full),browse_full,Current,/previews/GO_0xxx/GO_0019/C10/EUROPA/C0416076420R_full.jpg,6ba9fb4ad0670b3164b1f86497ee579a,9916
go-ssi-c0416076439,Galileo SSI,Raw Image,gossi_raw,Current,/volumes/GO_0xxx/GO_0019/C10/EUROPA/C0416076439R.IMG,ba192642e6e992e8f0b331efa83d18e5,833024
go-ssi-c0416076439,Galileo SSI,Raw Image,gossi_raw,Current,/volumes/GO_0xxx/GO_0019/C10/EUROPA/C0416076439R.LBL,52e1ae855edad83d05b7551bd79f2df0,5022
go-ssi-c0416076439,Galileo SSI,Raw Image,gossi_raw,Current,/volumes/GO_0xxx/GO_0019/LABEL/RLINEPRX.FMT,527b3ed5f5cc7cf7c04d75206f41e7df,16699
go-ssi-c0416076439,Galileo SSI,Raw Image,gossi_raw,Current,/volumes/GO_0xxx/GO_0019/LABEL/RTLMTAB.FMT,2293f8b867998a436d55b7d6b5e71378,28819
go-ssi-c0416076439,browse,Browse Image (full),browse_full,Current,/previews/GO_0xxx/GO_0019/C10/EUROPA/C0416076439R_full.jpg,6ecc40246ded341268a55069d7dc9612,8863
go-ssi-c0416076452,Galileo SSI,Raw Image,gossi_raw,Current,/volumes/GO_0xxx/GO_0019/C10/EUROPA/C0416076452R.IMG,4854dcb25678a1fe216741b2181d48df,833024
go-ssi-c0416076452,Galileo SSI,Raw Image,gossi_raw,Current,/volumes/GO_0xxx/GO_0019/C10/EUROPA/C0416076452R.LBL,68ec28a9dc578c31a8b845466c823f96,5021
go-ssi-c0416076452,Galileo SSI,Raw Image,gossi_raw,Current,/volumes/GO_0xxx/GO_0019/LABEL/RLINEPRX.FMT,527b3ed5f5cc7cf7c04d75206f41e7df,16699
go-ssi-c0416076452,Galileo SSI,Raw Image,gossi_raw,Current,/volumes/GO_0xxx/GO_0019/LABEL/RTLMTAB.FMT,2293f8b867998a436d55b7d6b5e71378,28819
go-ssi-c0416076452,browse,Browse Image (full),browse_full,Current,/previews/GO_0xxx/GO_0019/C10/EUROPA/C0416076452R_full.jpg,1dcb828a1e2457c34289b57fae2d6a54,9139
go-ssi-c0416076459,Galileo SSI,Raw Image,gossi_raw,Current,/volumes/GO_0xxx/GO_0019/C10/EUROPA/C0416076459R.IMG,966edf1682da5f40bec42d64001e9849,834048
go-ssi-c0416076459,Galileo SSI,Raw Image,gossi_raw,Current,/volumes/GO_0xxx/GO_0019/C10/EUROPA/C0416076459R.LBL,78cbefe5c1dc522c2b6a77e9090e8b3a,5024
go-ssi-c0416076459,Galileo SSI,Raw Image,gossi_raw,Current,/volumes/GO_0xxx/GO_0019/LABEL/RLINEPRX.FMT,527b3ed5f5cc7cf7c04d75206f41e7df,16699
go-ssi-c0416076459,Galileo SSI,Raw Image,gossi_raw,Current,/volumes/GO_0xxx/GO_0019/LABEL/RTLMTAB.FMT,2293f8b867998a436d55b7d6b5e71378,28819
go-ssi-c0416076459,browse,Browse Image (full),browse_full,Current,/previews/GO_0xxx/GO_0019/C10/EUROPA/C0416076459R_full.jpg,36b62930bf466b142a4bdcc52180db1a,9989
go-ssi-c0416110100,Galileo SSI,Raw Image,gossi_raw,Current,/volumes/GO_0xxx/GO_0019/C10/EUROPA/C0416110100R.IMG,6dcf002a982456352ba2312525f3a0cd,832000
go-ssi-c0416110100,Galileo SSI,Raw Image,gossi_raw,Current,/volumes/GO_0xxx/GO_0019/C10/EUROPA/C0416110100R.LBL,ada72eda68a17008bd4ad3d88a16aadd,5025
go-ssi-c0416110100,Galileo SSI,Raw Image,gossi_raw,Current,/volumes/GO_0xxx/GO_0019/LABEL/RLINEPRX.FMT,527b3ed5f5cc7cf7c04d75206f41e7df,16699
go-ssi-c0416110100,Galileo SSI,Raw Image,gossi_raw,Current,/volumes/GO_0xxx/GO_0019/LABEL/RTLMTAB.FMT,2293f8b867998a436d55b7d6b5e71378,28819
go-ssi-c0416110100,browse,Browse Image (full),browse_full,Current,/previews/GO_0xxx/GO_0019/C10/EUROPA/C0416110100R_full.jpg,17755670a367f991a6fd6e0383559376,9115
go-ssi-c0416110113,Galileo SSI,Raw Image,gossi_raw,Current,/volumes/GO_0xxx/GO_0019/C10/EUROPA/C0416110113R.IMG,50566a052c2af9a115089572a5a3eb7a,832000
go-ssi-c0416110113,Galileo SSI,Raw Image,gossi_raw,Current,/volumes/GO_0xxx/GO_0019/C10/EUROPA/C0416110113R.LBL,b5dc128e842409129c24041a5218db69,5024
go-ssi-c0416110113,Galileo SSI,Raw Image,gossi_raw,Current,/volumes/GO_0xxx/GO_0019/LABEL/RLINEPRX.FMT,527b3ed5f5cc7cf7c04d75206f41e7df,16699
go-ssi-c0416110113,Galileo SSI,Raw Image,gossi_raw,Current,/volumes/GO_0xxx/GO_0019/LABEL/RTLMTAB.FMT,2293f8b867998a436d55b7d6b5e71378,28819
go-ssi-c0416110113,browse,Browse Image (full),browse_full,Current,/previews/GO_0xxx/GO_0019/C10/EUROPA/C0416110113R_full.jpg,170da00038be8ff32eaf8da2711f5b93,9414
go-ssi-c0416110120,Galileo SSI,Raw Image,gossi_raw,Current,/volumes/GO_0xxx/GO_0019/C10/EUROPA/C0416110120R.IMG,168e1b4f3d576aef50576e59d978f0e3,833024
go-ssi-c0416110120,Galileo SSI,Raw Image,gossi_raw,Current,/volumes/GO_0xxx/GO_0019/C10/EUROPA/C0416110120R.LBL,635358bc9a2744ff0f9e8acd5616547d,5025
go-ssi-c0416110120,Galileo SSI,Raw Image,gossi_raw,Current,/volumes/GO_0xxx/GO_0019/LABEL/RLINEPRX.FMT,527b3ed5f5cc7cf7c04d75206f41e7df,16699
go-ssi-c0416110120,Galileo SSI,Raw Image,gossi_raw,Current,/volumes/GO_0xxx/GO_0019/LABEL/RTLMTAB.FMT,2293f8b867998a436d55b7d6b5e71378,28819
go-ssi-c0416110120,browse,Browse Image (full),browse_full,Current,/previews/GO_0xxx/GO_0019/C10/EUROPA/C0416110120R_full.jpg,b038ab25f0b1b35c5c0a49f45c528e0f,9638
go-ssi-c0416110139,Galileo SSI,Raw Image,gossi_raw,Current,/volumes/GO_0xxx/GO_0019/C10/EUROPA/C0416110139R.IMG,f3a1d33845124462617c0c896360cadf,831488
go-ssi-c0416110139,Galileo SSI,Raw Image,gossi_raw,Current,/volumes/GO_0xxx/GO_0019/C10/EUROPA/C0416110139R.LBL,4ab5f0e1f886aea9a2ff2d01e41881b1,5025
go-ssi-c0416110139,Galileo SSI,Raw Image,gossi_raw,Current,/volumes/GO_0xxx/GO_0019/LABEL/RLINEPRX.FMT,527b3ed5f5cc7cf7c04d75206f41e7df,16699
go-ssi-c0416110139,Galileo SSI,Raw Image,gossi_raw,Current,/volumes/GO_0xxx/GO_0019/LABEL/RTLMTAB.FMT,2293f8b867998a436d55b7d6b5e71378,28819
go-ssi-c0416110139,browse,Browse Image (full),browse_full,Current,/previews/GO_0xxx/GO_0019/C10/EUROPA/C0416110139R_full.jpg,944b3079905bc1c243c13fd6ad4c0947,9419
go-ssi-c0416110152,Galileo SSI,Raw Image,gossi_raw,Current,/volumes/GO_0xxx/GO_0019/C10/EUROPA/C0416110152R.IMG,23a7b12d13046ed426c5c670e34b9613,833024
go-ssi-c0416110152,Galileo SSI,Raw Image,gossi_raw,Current,/volumes/GO_0xxx/GO_0019/C10/EUROPA/C0416110152R.LBL,d778c1d8f1a2be9b0db26d4cb861f259,5025
go-ssi-c0416110152,Galileo SSI,Raw Image,gossi_raw,Current,/volumes/GO_0xxx/GO_0019/LABEL/RLINEPRX.FMT,527b3ed5f5cc7cf7c04d75206f41e7df,16699
go-ssi-c0416110152,Galileo SSI,Raw Image,gossi_raw,Current,/volumes/GO_0xxx/GO_0019/LABEL/RTLMTAB.FMT,2293f8b867998a436d55b7d6b5e71378,28819
go-ssi-c0416110152,browse,Browse Image (full),browse_full,Current,/previews/GO_0xxx/GO_0019/C10/EUROPA/C0416110152R_full.jpg,37a3a40c2e019d5b118e516cdb9aa289,9571
go-ssi-c0416110159,Galileo SSI,Raw Image,gossi_raw,Current,/volumes/GO_0xxx/GO_0019/C10/EUROPA/C0416110159R.IMG,68bf4ce344ac0bf0baae24727a201032,833024
go-ssi-c0416110159,Galileo SSI,Raw Image,gossi_raw,Current,/volumes/GO_0xxx/GO_0019/C10/EUROPA/C0416110159R.LBL,d02df9c58fbdf0925f547c8ec7250c2e,5025
go-ssi-c0416110159,Galileo SSI,Raw Image,gossi_raw,Current,/volumes/GO_0xxx/GO_0019/LABEL/RLINEPRX.FMT,527b3ed5f5cc7cf7c04d75206f41e7df,16699
go-ssi-c0416110159,Galileo SSI,Raw Image,gossi_raw,Current,/volumes/GO_0xxx/GO_0019/LABEL/RTLMTAB.FMT,2293f8b867998a436d55b7d6b5e71378,28819
go-ssi-c0416110159,browse,Browse Image (full),browse_full,Current,/previews/GO_0xxx/GO_0019/C10/EUROPA/C0416110159R_full.jpg,b862fe6050e3fce05c165d578d7af4e2,9159
hst-13620-wfc3-ichz02asq,HST,FITS Header Text,hst_text,Current,/volumes/HSTIx_xxxx/HSTI1_3620/DATA/VISIT_02/ICHZ02ASQ.ASC,80598ce32430289bb076cec664b39a1c,299923
hst-13620-wfc3-ichz02asq,HST,FITS Header Text,hst_text,Current,/volumes/HSTIx_xxxx/HSTI1_3620/DATA/VISIT_02/ICHZ02ASQ.LBL,4633169e267e3b589645c7a5fa0293d7,12272
hst-13620-wfc3-ichz02asq,HST,Raw Data Preview (lossless),hst_tiff,Current,/volumes/HSTIx_xxxx/HSTI1_3620/DATA/VISIT_02/ICHZ02ASQ.LBL,4633169e267e3b589645c7a5fa0293d7,12272
hst-13620-wfc3-ichz02asq,HST,Raw Data Preview (lossless),hst_tiff,Current,/volumes/HSTIx_xxxx/HSTI1_3620/DATA/VISIT_02/ICHZ02ASQ_RAW.TIF,df070d6ca56ce52861f7bddc2b068476,8487162
hst-13620-wfc3-ichz02asq,HST,Raw Data Preview,hst_raw,Current,/volumes/HSTIx_xxxx/HSTI1_3620/DATA/VISIT_02/ICHZ02ASQ.LBL,4633169e267e3b589645c7a5fa0293d7,12272
hst-13620-wfc3-ichz02asq,HST,Raw Data Preview,hst_raw,Current,/volumes/HSTIx_xxxx/HSTI1_3620/DATA/VISIT_02/ICHZ02ASQ_RAW.JPG,fda08133faf35447f0a87e36c6b95175,573004
hst-13620-wfc3-ichz02asq,HST,Calibrated Data Preview,hst_calib,Current,/volumes/HSTIx_xxxx/HSTI1_3620/DATA/VISIT_02/ICHZ02ASQ.LBL,4633169e267e3b589645c7a5fa0293d7,12272
hst-13620-wfc3-ichz02asq,HST,Calibrated Data Preview,hst_calib,Current,/volumes/HSTIx_xxxx/HSTI1_3620/DATA/VISIT_02/ICHZ02ASQ_FLT.JPG,ad6a86427c1229a1e16f3259703a9b92,527739
hst-13620-wfc3-ichz02asq,HST,Calibrated Geometrically Corrected Preview,hst_drizzled,Current,/volumes/HSTIx_xxxx/HSTI1_3620/DATA/VISIT_02/ICHZ02ASQ.LBL,4633169e267e3b589645c7a5fa0293d7,12272
hst-13620-wfc3-ichz02asq,HST,Calibrated Geometrically Corrected Preview,hst_drizzled,Current,/volumes/HSTIx_xxxx/HSTI1_3620/DATA/VISIT_02/ICHZ02ASQ_DRZ.JPG,72b674a4238da4f90ec17af274344faf,52966
hst-13620-wfc3-ichz02asq,browse,Browse Image (full),browse_full,Current,/previews/HSTIx_xxxx/HSTI1_3620/DATA/VISIT_02/ICHZ02ASQ_full.jpg,1b146642650a5cf4c2ebfdb663c2420f,82915
